city_name,country_code,country_name,state_province,latitude,longitude,altitude_meters,timezone,population,measurement_datetime,temperature_celsius,feels_like_celsius,temp_min_celsius,temp_max_celsius,humidity_percent,pressure_hpa,sea_level_pressure_hpa,ground_level_pressure_hpa,wind_speed_mps,wind_gust_mps,wind_direction_degrees,cloudiness_percent,visibility_meters,precipitation_mm,snow_mm,uv_index,condition_main,condition_description,condition_icon_code,sunrise_time,sunset_time,moon_phase,air_quality_index,weather_alert
Cancún,MX,México,,21.1619,-86.8515,10,America/Cancun,888000,2026-01-07 20:35:32,21.58,20.38,17.82,25.2,84,1025,1023,1023,8.97,13.03,13,29,8203,13.35,0,4.8,Rain,heavy rain,10d,07:09:00,18:16:00,0.27,2,True
Guadalajara,MX,México,,20.6597,-103.3496,1566,America/Mexico_City,1500000,2025-11-21 07:05:32,22.11,22.0,17.37,25.1,82,1015,1013,1013,6.24,8.13,146,80,8093,1.02,0,1.6,Rain,moderate rain,10d,05:15:00,20:28:00,0.07,1,False
Querétaro,MX,México,,20.5888,-100.3899,1820,America/Mexico_City,1000000,2025-12-26 15:05:32,20.47,18.86,16.41,25.1,65,1015,1012,1012,6.65,8.68,18,27,3791,0.0,0,1.0,Mist,mist,50d,05:42:00,18:39:00,0.81,2,False
Monterrey,MX,México,,25.6866,-100.3161,540,America/Monterrey,1135000,2025-11-18 07:20:32,27.37,26.53,23.8,31.55,60,1024,1027,1021,11.06,16.12,255,97,8214,0.0,0,6.4,Clouds,scattered clouds,03d,07:17:00,19:18:00,0.96,3,False
Monterrey,MX,México,,25.6866,-100.3161,540,America/Monterrey,1135000,2025-11-30 03:35:32,10.68,11.76,6.52,13.49,91,1013,1013,1011,1.63,2.15,74,27,8737,13.15,0,9.7,Rain,heavy rain,10d,06:45:00,18:10:00,0.66,2,False
Tijuana,MX,México,,32.5149,-117.0382,20,America/Tijuana,1810000,2025-12-08 17:05:32,19.1,19.87,14.16,23.41,74,1019,1024,1018,4.01,5.59,154,83,9267,7.93,0,3.1,Thunderstorm,thunderstorm with rain,11d,06:02:00,20:39:00,0.06,2,True
Tijuana,MX,México,,32.5149,-117.0382,20,America/Tijuana,1810000,2025-12-08 09:05:32,15.41,13.95,10.68,19.81,55,1021,1017,1024,10.71,15.37,37,89,9920,0.0,0,4.7,Clouds,scattered clouds,03d,05:08:00,18:34:00,0.75,2,False
Mérida,MX,México,,20.9674,-89.5926,9,America/Merida,892000,2025-12-08 13:50:32,27.43,28.02,23.93,31.17,72,1021,1026,1019,10.52,15.16,234,37,8368,0.0,0,5.5,Clouds,broken clouds,04d,07:53:00,19:37:00,0.09,1,False
Guadalajara,MX,México,,20.6597,-103.3496,1566,America/Mexico_City,1500000,2025-11-17 01:50:32,18.39,17.78,14.01,22.49,72,1014,1013,1012,5.94,8.67,7,8,8497,1.97,0,9.0,Rain,light rain,10d,06:03:00,20:55:00,0.27,2,False
Querétaro,MX,México,,20.5888,-100.3899,1820,America/Mexico_City,1000000,2026-01-06 14:50:32,22.98,23.21,19.78,25.04,55,1023,1020,1026,5.85,8.35,25,78,8988,0.0,0,3.8,Clouds,overcast clouds,04d,06:55:00,19:19:00,0.77,1,False
Guadalajara,MX,México,,20.6597,-103.3496,1566,America/Mexico_City,1500000,2025-12-10 13:50:32,28.01,25.32,25.86,30.55,73,1018,1022,1017,9.92,12.35,187,74,2871,0.0,0,9.8,Mist,mist,50d,06:31:00,18:32:00,0.11,3,False
Ciudad de México,MX,México,,19.4326,-99.1332,2240,America/Mexico_City,9200000,2026-01-05 08:35:32,30.48,32.34,25.55,34.89,56,1025,1026,1026,8.95,10.85,192,31,9310,0.0,0,4.4,Clouds,overcast clouds,04d,05:01:00,20:33:00,0.4,3,False
Querétaro,MX,México,,20.5888,-100.3899,1820,America/Mexico_City,1000000,2026-01-05 00:50:32,29.79,27.51,27.4,32.2,67,1024,1029,1024,3.84,5.38,259,37,8448,0.0,0,3.1,Clouds,broken clouds,04d,06:12:00,20:23:00,0.99,3,False
Tijuana,MX,México,,32.5149,-117.0382,20,America/Tijuana,1810000,2025-12-31 07:05:32,10.43,8.21,5.96,14.38,88,1010,1014,1009,9.11,13.15,122,72,9172,10.1,0,6.8,Thunderstorm,thunderstorm with rain,11d,06:02:00,18:44:00,0.32,1,True
Monterrey,MX,México,,25.6866,-100.3161,540,America/Monterrey,1135000,2025-12-13 09:05:32,21.26,20.53,18.96,25.89,84,1017,1016,1018,4.45,5.35,198,62,8342,5.01,0,5.4,Rain,light rain,10d,05:35:00,18:08:00,0.85,2,True
Querétaro,MX,México,,20.5888,-100.3899,1820,America/Mexico_City,1000000,2025-12-12 07:50:32,23.28,20.57,21.28,27.7,53,1014,1013,1017,7.97,11.66,312,37,9347,0.0,0,10.2,Clouds,overcast clouds,04d,05:02:00,19:09:00,0.36,1,False
Monterrey,MX,México,,25.6866,-100.3161,540,America/Monterrey,1135000,2025-11-13 17:35:32,16.25,17.65,12.85,18.96,63,1020,1021,1017,9.84,13.21,99,2,9897,0.0,0,2.1,Clouds,scattered clouds,03d,07:46:00,18:18:00,0.81,1,False
Ciudad de México,MX,México,,19.4326,-99.1332,2240,America/Mexico_City,9200000,2025-12-12 15:05:32,24.14,23.86,21.06,27.1,79,1008,1012,1005,11.02,15.45,359,74,8602,13.57,0,5.9,Rain,moderate rain,10d,05:00:00,18:35:00,0.98,3,False
Querétaro,MX,México,,20.5888,-100.3899,1820,America/Mexico_City,1000000,2025-11-15 04:05:32,14.97,14.19,12.84,19.38,47,1025,1022,1023,8.18,10.09,127,19,9373,0.0,0,3.9,Clear,clear sky,01d,05:04:00,20:57:00,0.44,2,False
Cancún,MX,México,,21.1619,-86.8515,10,America/Cancun,888000,2026-01-04 22:20:32,26.28,26.59,23.64,30.16,51,1020,1024,1023,3.95,4.87,276,1,8279,0.0,0,1.1,Clear,clear sky,01d,06:42:00,18:06:00,0.02,2,False
Cancún,MX,México,,21.1619,-86.8515,10,America/Cancun,888000,2025-12-05 17:35:32,27.48,24.75,25.45,32.38,58,1025,1027,1027,8.32,10.65,41,24,8155,0.0,0,2.2,Clouds,broken clouds,04d,06:22:00,20:42:00,0.37,2,False
Cancún,MX,México,,21.1619,-86.8515,10,America/Cancun,888000,2025-12-29 18:50:32,22.86,24.3,18.67,27.16,82,1020,1016,1022,3.27,4.01,56,30,9267,1.47,0,6.1,Rain,moderate rain,10d,05:22:00,20:33:00,0.25,2,False
Tijuana,MX,México,,32.5149,-117.0382,20,America/Tijuana,1810000,2025-12-21 00:35:32,18.17,18.78,15.64,21.02,63,1010,1005,1013,10.46,15.58,196,86,9819,0.0,0,1.7,Drizzle,light drizzle,09d,06:46:00,18:08:00,0.33,1,False
Tijuana,MX,México,,32.5149,-117.0382,20,America/Tijuana,1810000,2026-01-06 07:50:32,8.08,6.96,4.0,10.54,88,1011,1014,1009,4.41,5.56,293,46,9532,14.46,0,10.6,Rain,moderate rain,10d,07:48:00,18:44:00,0.79,1,False
Mérida,MX,México,,20.9674,-89.5926,9,America/Merida,892000,2026-01-07 13:50:32,27.18,26.11,25.08,29.69,51,1021,1025,1019,4.24,5.16,0,94,8773,0.0,0,0.6,Clouds,overcast clouds,04d,05:03:00,18:02:00,0.04,3,False
Tijuana,MX,México,,32.5149,-117.0382,20,America/Tijuana,1810000,2025-12-10 12:05:32,7.59,8.6,5.13,9.78,86,1014,1013,1012,8.67,11.28,69,61,9004,9.83,0,10.4,Thunderstorm,thunderstorm with rain,11d,05:05:00,20:10:00,0.32,2,True
Guadalajara,MX,México,,20.6597,-103.3496,1566,America/Mexico_City,1500000,2025-12-08 07:20:32,23.29,21.4,18.29,28.05,75,1013,1016,1013,3.34,4.83,26,6,9492,0.0,0,4.4,Clouds,overcast clouds,04d,07:30:00,18:52:00,0.16,2,False
Cancún,MX,México,,21.1619,-86.8515,10,America/Cancun,888000,2025-12-24 01:05:32,25.97,23.67,22.39,30.02,62,1019,1019,1019,7.13,9.48,22,14,9597,0.0,0,5.2,Clouds,scattered clouds,03d,06:52:00,19:00:00,0.94,2,False
Mérida,MX,México,,20.9674,-89.5926,9,America/Merida,892000,2025-11-15 08:20:32,24.69,22.05,21.93,29.41,53,1024,1021,1027,11.59,15.88,251,91,1603,0.0,0,8.1,Mist,mist,50d,05:33:00,19:15:00,0.1,3,False
Mérida,MX,México,,20.9674,-89.5926,9,America/Merida,892000,2025-12-14 03:20:32,29.61,29.92,25.3,32.25,51,1023,1021,1022,6.7,8.18,118,3,9774,0.0,0,1.3,Clear,clear sky,01d,05:40:00,19:46:00,0.52,3,False
Monterrey,MX,México,,25.6866,-100.3161,540,America/Monterrey,1135000,2026-01-08 11:50:32,11.79,13.04,8.71,15.04,82,1015,1019,1017,0.97,1.4,49,87,8449,10.94,0,9.1,Rain,light rain,10d,05:13:00,19:49:00,0.3,1,True
Querétaro,MX,México,,20.5888,-100.3899,1820,America/Mexico_City,1000000,2025-11-18 01:50:32,23.53,20.98,19.72,26.55,52,1009,1006,1012,10.72,15.37,157,65,4393,0.0,0,9.1,Mist,mist,50d,07:51:00,18:23:00,0.9,2,False
Tijuana,MX,México,,32.5149,-117.0382,20,America/Tijuana,1810000,2025-11-16 16:20:32,18.02,19.04,15.87,21.25,50,1017,1022,1016,1.36,1.79,16,72,8360,0.0,0,0.3,Clouds,broken clouds,04d,07:49:00,19:46:00,0.33,3,False
Monterrey,MX,México,,25.6866,-100.3161,540,America/Monterrey,1135000,2025-12-15 06:20:32,19.07,18.28,15.37,22.0,61,1023,1020,1025,8.12,11.5,166,3,8350,0.0,0,2.5,Clouds,broken clouds,04d,06:32:00,18:07:00,0.35,3,False
Querétaro,MX,México,,20.5888,-100.3899,1820,America/Mexico_City,1000000,2025-12-16 07:50:32,22.68,20.45,17.81,24.87,60,1023,1019,1026,1.63,2.23,163,1,1981,0.0,0,4.8,Mist,mist,50d,07:36:00,20:06:00,0.06,1,False
Tijuana,MX,México,,32.5149,-117.0382,20,America/Tijuana,1810000,2025-12-05 05:50:32,5.62,3.96,3.09,8.99,80,1022,1022,1019,10.88,14.25,56,3,9563,6.91,0,1.8,Rain,heavy rain,10d,07:45:00,20:57:00,0.36,3,False
Monterrey,MX,México,,25.6866,-100.3161,540,America/Monterrey,1135000,2025-12-28 23:35:32,14.17,13.98,10.01,17.43,89,1014,1016,1012,5.72,6.93,154,77,9846,7.62,0,6.1,Rain,heavy rain,10d,05:17:00,18:48:00,0.59,2,True
Ciudad de México,MX,México,,19.4326,-99.1332,2240,America/Mexico_City,9200000,2025-11-22 07:50:32,24.46,22.49,20.41,29.09,63,1013,1010,1015,4.45,5.42,58,44,8623,0.0,0,10.7,Clouds,broken clouds,04d,05:02:00,20:16:00,0.49,2,False
Querétaro,MX,México,,20.5888,-100.3899,1820,America/Mexico_City,1000000,2026-01-06 04:05:32,17.75,15.47,14.26,20.38,83,1019,1017,1017,6.93,9.01,72,59,8793,5.14,0,8.0,Rain,moderate rain,10d,05:08:00,19:37:00,0.22,1,True
Guadalajara,MX,México,,20.6597,-103.3496,1566,America/Mexico_City,1500000,2025-12-17 00:20:32,13.95,15.17,11.87,16.97,79,1017,1018,1020,7.03,9.99,305,5,8414,3.72,0,10.8,Rain,light rain,10d,06:25:00,20:25:00,0.97,2,True
Puebla,MX,México,,19.0414,-98.2063,2135,America/Mexico_City,1576000,2025-12-03 07:35:32,21.78,20.69,18.05,24.0,58,1012,1012,1011,0.82,1.0,8,35,9786,0.0,0,10.0,Clouds,broken clouds,04d,06:38:00,19:25:00,0.68,2,False
Guadalajara,MX,México,,20.6597,-103.3496,1566,America/Mexico_City,1500000,2025-12-20 17:50:32,23.38,23.2,20.23,26.19,66,1019,1020,1017,3.53,4.38,196,38,8895,0.0,0,8.4,Clouds,few clouds,02d,05:04:00,18:18:00,0.72,3,False
Mérida,MX,México,,20.9674,-89.5926,9,America/Merida,892000,2025-12-16 23:20:32,24.85,23.8,21.8,26.87,74,1012,1017,1012,8.96,12.33,170,93,1049,0.0,0,6.0,Mist,mist,50d,05:16:00,20:58:00,0.33,1,False
Guadalajara,MX,México,,20.6597,-103.3496,1566,America/Mexico_City,1500000,2025-11-22 13:50:32,20.26,20.93,16.5,22.61,47,1015,1010,1015,9.63,11.64,139,0,8310,0.0,0,3.1,Clear,clear sky,01d,07:16:00,20:29:00,0.1,1,False
Ciudad de México,MX,México,,19.4326,-99.1332,2240,America/Mexico_City,9200000,2025-12-07 04:35:32,26.9,24.63,23.93,31.7,64,1018,1014,1021,9.4,12.24,179,72,9273,0.0,0,1.4,Drizzle,light drizzle,09d,06:51:00,18:15:00,0.61,3,False
Monterrey,MX,México,,25.6866,-100.3161,540,America/Monterrey,1135000,2025-12-27 16:05:32,14.67,13.31,10.24,19.12,71,1012,1014,1010,6.24,8.22,125,55,9408,5.69,0,1.9,Rain,heavy rain,10d,06:54:00,19:18:00,0.13,3,False
Ciudad de México,MX,México,,19.4326,-99.1332,2240,America/Mexico_City,9200000,2025-12-28 19:35:32,15.18,14.42,10.48,19.29,56,1014,1009,1011,9.63,12.14,225,13,9840,0.0,0,0.0,Clouds,overcast clouds,04d,05:20:00,18:58:00,0.06,2,False
Monterrey,MX,México,,25.6866,-100.3161,540,America/Monterrey,1135000,2025-12-06 04:50:32,17.61,18.25,15.31,19.93,80,1021,1024,1023,9.08,11.41,295,82,9101,2.08,0,1.1,Rain,heavy rain,10d,05:55:00,20:41:00,0.86,1,True
Cancún,MX,México,,21.1619,-86.8515,10,America/Cancun,888000,2025-12-25 01:50:32,27.74,27.46,23.93,31.62,67,1008,1006,1011,11.21,13.51,24,26,9800,0.0,0,9.6,Clouds,scattered clouds,03d,05:15:00,19:29:00,0.59,3,False
Ciudad de México,MX,México,,19.4326,-99.1332,2240,America/Mexico_City,9200000,2025-12-06 23:50:32,25.48,22.84,23.16,29.9,61,1014,1017,1012,3.68,4.81,70,8,8021,0.0,0,3.7,Clouds,few clouds,02d,07:45:00,19:30:00,0.25,3,False
Monterrey,MX,México,,25.6866,-100.3161,540,America/Monterrey,1135000,2025-11-29 19:20:32,28.55,27.37,25.73,31.04,60,1015,1018,1015,7.9,10.8,199,10,9194,0.0,0,3.7,Clear,clear sky,01d,05:05:00,18:22:00,0.53,3,False
Tijuana,MX,México,,32.5149,-117.0382,20,America/Tijuana,1810000,2026-01-04 22:05:32,10.78,9.22,6.24,14.4,64,1011,1011,1012,9.0,13.12,184,82,9233,0.0,0,1.8,Clouds,scattered clouds,03d,05:01:00,19:13:00,0.09,2,False
Tijuana,MX,México,,32.5149,-117.0382,20,America/Tijuana,1810000,2026-01-05 17:20:32,11.2,10.86,6.87,14.96,70,1010,1013,1008,7.33,9.23,98,63,8196,0.0,0,0.5,Clouds,overcast clouds,04d,07:21:00,18:43:00,0.92,3,False
Monterrey,MX,México,,25.6866,-100.3161,540,America/Monterrey,1135000,2025-12-11 03:05:32,22.97,23.76,19.94,27.83,50,1008,1007,1010,7.19,10.36,189,90,8487,0.0,0,4.4,Clouds,scattered clouds,03d,07:23:00,19:29:00,0.84,2,False
Mérida,MX,México,,20.9674,-89.5926,9,America/Merida,892000,2025-12-20 08:20:32,23.68,20.7,20.3,28.1,93,1013,1014,1015,10.36,15.0,298,9,9916,7.0,0,0.8,Rain,light rain,10d,07:45:00,20:43:00,0.82,1,True
Tijuana,MX,México,,32.5149,-117.0382,20,America/Tijuana,1810000,2025-12-09 21:20:32,19.26,19.46,16.73,22.94,66,1012,1016,1013,0.61,0.75,128,64,8274,0.0,0,9.0,Drizzle,light drizzle,09d,06:21:00,19:46:00,0.56,1,False
Tijuana,MX,México,,32.5149,-117.0382,20,America/Tijuana,1810000,2025-11-15 06:35:32,14.87,12.72,10.54,17.94,50,1015,1019,1012,6.5,8.04,143,3,9593,0.0,0,1.5,Drizzle,light drizzle,09d,05:35:00,18:00:00,0.24,3,False
Monterrey,MX,México,,25.6866,-100.3161,540,America/Monterrey,1135000,2026-01-05 15:20:32,23.9,21.8,20.99,26.81,50,1021,1019,1022,4.51,5.79,300,17,9318,0.0,0,7.4,Clouds,overcast clouds,04d,06:05:00,18:40:00,0.01,3,False
Ciudad de México,MX,México,,19.4326,-99.1332,2240,America/Mexico_City,9200000,2025-11-12 10:50:32,26.01,23.6,23.83,29.21,39,1014,1013,1017,7.52,9.27,195,9,8728,0.0,0,10.0,Clear,clear sky,01d,07:26:00,20:58:00,0.68,3,False
Cancún,MX,México,,21.1619,-86.8515,10,America/Cancun,888000,2026-01-04 22:35:32,21.33,21.29,18.83,24.58,89,1022,1022,1024,10.7,14.57,309,68,8100,7.77,0,0.1,Thunderstorm,thunderstorm with rain,11d,07:17:00,19:30:00,0.4,2,True
Mérida,MX,México,,20.9674,-89.5926,9,America/Merida,892000,2026-01-01 13:20:32,19.71,21.16,16.71,23.1,79,1019,1021,1021,4.1,5.96,153,68,8144,5.52,0,7.3,Rain,moderate rain,10d,05:34:00,18:48:00,1.0,2,False
Puebla,MX,México,,19.0414,-98.2063,2135,America/Mexico_City,1576000,2025-11-16 17:35:32,20.12,21.15,16.55,22.76,79,1025,1026,1027,2.77,3.52,279,77,8786,5.48,0,6.3,Thunderstorm,thunderstorm with rain,11d,06:50:00,20:59:00,0.23,3,False
Ciudad de México,MX,México,,19.4326,-99.1332,2240,America/Mexico_City,9200000,2025-11-30 19:05:32,17.93,15.99,13.74,22.34,64,1012,1009,1013,7.44,9.49,97,10,8618,0.0,0,4.8,Clouds,overcast clouds,04d,06:12:00,20:48:00,0.9,2,False
Monterrey,MX,México,,25.6866,-100.3161,540,America/Monterrey,1135000,2025-12-27 10:35:32,25.48,26.15,22.91,28.97,64,1023,1028,1021,3.68,5.42,172,13,8060,0.0,0,0.6,Clouds,overcast clouds,04d,06:33:00,18:17:00,0.85,3,False
Mérida,MX,México,,20.9674,-89.5926,9,America/Merida,892000,2025-11-13 05:35:32,18.57,19.6,14.46,21.12,60,1022,1024,1021,3.62,4.89,319,10,9352,0.0,0,0.5,Clear,clear sky,01d,07:44:00,18:50:00,0.15,1,False
Ciudad de México,MX,México,,19.4326,-99.1332,2240,America/Mexico_City,9200000,2026-01-04 10:50:32,24.81,23.87,20.72,28.75,74,1021,1025,1021,9.71,13.67,179,31,8625,5.74,0,10.4,Rain,moderate rain,10d,05:44:00,20:15:00,0.03,1,True
Querétaro,MX,México,,20.5888,-100.3899,1820,America/Mexico_City,1000000,2025-11-17 05:05:32,18.81,19.93,14.8,21.62,88,1023,1022,1022,10.12,14.58,120,35,8051,4.18,0,8.1,Thunderstorm,thunderstorm with rain,11d,07:29:00,20:31:00,0.85,3,True
Tijuana,MX,México,,32.5149,-117.0382,20,America/Tijuana,1810000,2025-12-22 02:35:32,8.79,6.87,5.27,11.28,84,1016,1013,1014,11.7,15.43,236,48,8609,4.48,0,9.8,Rain,moderate rain,10d,06:19:00,18:24:00,0.32,2,False
Cancún,MX,México,,21.1619,-86.8515,10,America/Cancun,888000,2026-01-08 08:05:32,28.05,28.71,23.36,30.37,56,1020,1020,1022,9.37,13.33,172,49,9755,0.0,0,3.2,Clouds,scattered clouds,03d,06:29:00,18:08:00,0.24,3,False
Guadalajara,MX,México,,20.6597,-103.3496,1566,America/Mexico_City,1500000,2025-12-22 05:35:32,29.68,27.77,27.42,34.67,72,1019,1021,1019,5.01,7.09,106,11,8717,0.0,0,1.2,Clouds,few clouds,02d,05:49:00,20:26:00,0.48,1,False
Puebla,MX,México,,19.0414,-98.2063,2135,America/Mexico_City,1576000,2025-12-20 14:50:32,24.1,23.12,21.95,27.87,54,1017,1013,1017,7.3,10.46,40,1,9350,0.0,0,9.0,Clear,clear sky,01d,07:07:00,18:30:00,0.89,2,False
Guadalajara,MX,México,,20.6597,-103.3496,1566,America/Mexico_City,1500000,2025-12-14 10:20:32,18.81,17.66,15.75,21.18,59,1016,1011,1013,9.94,12.73,341,39,9597,0.0,0,10.9,Drizzle,light drizzle,09d,07:02:00,19:19:00,0.33,2,False
Monterrey,MX,México,,25.6866,-100.3161,540,America/Monterrey,1135000,2025-11-23 06:05:32,21.45,21.38,19.39,24.97,54,1017,1016,1014,2.44,3.66,170,71,9702,0.0,0,4.7,Clouds,overcast clouds,04d,05:25:00,19:13:00,0.09,3,False
Tijuana,MX,México,,32.5149,-117.0382,20,America/Tijuana,1810000,2025-12-10 20:35:32,23.55,20.86,19.13,28.46,33,1022,1023,1022,3.47,4.72,119,10,9005,0.0,0,5.3,Clear,clear sky,01d,07:43:00,18:18:00,0.17,3,False
Querétaro,MX,México,,20.5888,-100.3899,1820,America/Mexico_City,1000000,2025-12-14 16:05:32,16.3,14.43,13.9,20.6,91,1025,1029,1024,7.56,10.33,98,59,8797,12.49,0,1.2,Rain,heavy rain,10d,05:40:00,18:06:00,0.73,3,True
Tijuana,MX,México,,32.5149,-117.0382,20,America/Tijuana,1810000,2025-11-18 09:35:32,15.97,13.12,13.73,18.18,70,1016,1014,1017,5.17,7.68,235,0,8249,7.79,0,0.2,Rain,light rain,10d,07:00:00,18:47:00,0.08,3,False
Monterrey,MX,México,,25.6866,-100.3161,540,America/Monterrey,1135000,2025-12-06 09:05:32,24.33,21.98,19.35,29.1,73,1022,1022,1021,9.64,12.41,95,5,2293,0.0,0,1.2,Mist,mist,50d,05:23:00,19:24:00,0.32,1,False
Querétaro,MX,México,,20.5888,-100.3899,1820,America/Mexico_City,1000000,2025-12-10 22:35:32,13.44,13.42,11.36,16.14,75,1009,1014,1008,6.01,7.63,259,49,9624,13.79,0,5.9,Rain,light rain,10d,06:21:00,20:58:00,0.62,1,False
Puebla,MX,México,,19.0414,-98.2063,2135,America/Mexico_City,1576000,2025-12-19 21:35:32,13.87,11.67,11.13,16.16,94,1012,1009,1014,0.78,1.05,229,60,8833,7.49,0,2.1,Rain,moderate rain,10d,05:51:00,18:55:00,0.06,3,True
Querétaro,MX,México,,20.5888,-100.3899,1820,America/Mexico_City,1000000,2025-12-22 00:05:32,32.87,32.62,29.08,36.66,44,1022,1020,1024,5.22,6.83,178,18,9263,0.0,0,4.5,Clear,clear sky,01d,07:32:00,18:00:00,0.49,2,False
Guadalajara,MX,México,,20.6597,-103.3496,1566,America/Mexico_City,1500000,2025-12-10 11:20:32,25.43,27.15,21.69,28.77,44,1024,1029,1027,7.9,10.7,313,15,8586,0.0,0,1.1,Clear,clear sky,01d,05:26:00,18:06:00,0.61,1,False
Tijuana,MX,México,,32.5149,-117.0382,20,America/Tijuana,1810000,2025-12-08 22:35:32,6.01,5.88,2.35,10.39,71,1008,1007,1008,9.17,11.61,0,98,9259,5.11,0,10.3,Rain,light rain,10d,07:56:00,20:01:00,0.26,3,False
Tijuana,MX,México,,32.5149,-117.0382,20,America/Tijuana,1810000,2025-12-06 06:20:32,10.12,10.09,6.05,12.57,60,1010,1012,1008,11.36,15.54,165,55,8097,0.0,0,6.3,Clouds,broken clouds,04d,06:56:00,20:44:00,0.4,2,False
Ciudad de México,MX,México,,19.4326,-99.1332,2240,America/Mexico_City,9200000,2025-12-04 17:05:32,29.26,30.34,26.48,33.21,55,1009,1010,1009,6.35,8.77,128,93,8173,0.0,0,3.2,Clouds,scattered clouds,03d,07:49:00,19:11:00,0.46,3,False
Cancún,MX,México,,21.1619,-86.8515,10,America/Cancun,888000,2025-12-25 07:50:32,26.34,27.01,22.84,29.94,71,1014,1013,1013,6.11,7.42,301,25,9148,0.0,0,7.2,Clouds,broken clouds,04d,06:34:00,18:03:00,0.23,3,False
Mérida,MX,México,,20.9674,-89.5926,9,America/Merida,892000,2025-12-28 20:20:32,19.87,18.52,17.58,24.27,70,1010,1008,1007,0.74,1.09,45,53,9207,0.0,0,1.5,Clouds,broken clouds,04d,07:00:00,20:59:00,0.95,3,False
Mérida,MX,México,,20.9674,-89.5926,9,America/Merida,892000,2026-01-08 18:35:32,23.8,20.87,20.58,26.13,35,1016,1015,1019,3.25,3.98,128,9,8495,0.0,0,4.3,Clear,clear sky,01d,06:29:00,19:35:00,0.17,3,False
Tijuana,MX,México,,32.5149,-117.0382,20,America/Tijuana,1810000,2025-11-21 13:50:32,9.98,11.23,5.15,14.23,56,1014,1011,1011,4.75,6.1,257,37,9027,0.0,0,9.5,Clouds,overcast clouds,04d,06:18:00,19:42:00,0.84,1,False
Ciudad de México,MX,México,,19.4326,-99.1332,2240,America/Mexico_City,9200000,2025-11-19 22:50:32,19.05,19.55,16.27,21.78,66,1017,1015,1020,9.26,12.15,293,19,9356,0.0,0,1.8,Drizzle,light drizzle,09d,05:09:00,20:25:00,0.9,3,False
Guadalajara,MX,México,,20.6597,-103.3496,1566,America/Mexico_City,1500000,2025-12-04 01:50:32,27.31,25.49,23.31,31.17,57,1023,1022,1021,8.67,11.0,227,33,4629,0.0,0,8.2,Mist,mist,50d,06:39:00,19:41:00,0.05,1,False
Querétaro,MX,México,,20.5888,-100.3899,1820,America/Mexico_City,1000000,2025-11-30 06:50:32,25.76,24.92,21.93,29.14,55,1009,1004,1009,2.86,4.18,97,74,8634,0.0,0,6.3,Clouds,scattered clouds,03d,05:12:00,20:23:00,0.84,3,False
Monterrey,MX,México,,25.6866,-100.3161,540,America/Monterrey,1135000,2025-11-11 01:20:32,20.08,19.41,15.23,23.95,74,1025,1021,1024,0.59,0.74,182,99,9317,5.12,0,5.8,Rain,heavy rain,10d,06:02:00,19:44:00,0.75,2,True
Querétaro,MX,México,,20.5888,-100.3899,1820,America/Mexico_City,1000000,2025-12-15 16:05:32,15.94,14.46,11.67,18.27,82,1024,1022,1027,3.28,4.62,356,19,8520,10.41,0,0.1,Rain,light rain,10d,05:26:00,20:29:00,0.5,1,True
Puebla,MX,México,,19.0414,-98.2063,2135,America/Mexico_City,1576000,2025-12-09 17:50:32,17.08,14.15,12.6,20.29,57,1008,1008,1010,11.28,15.0,184,44,8886,0.0,0,5.9,Clouds,few clouds,02d,05:38:00,20:11:00,0.35,3,False
Guadalajara,MX,México,,20.6597,-103.3496,1566,America/Mexico_City,1500000,2025-11-24 06:05:32,23.36,21.19,18.78,27.46,80,1013,1011,1015,0.81,1.08,74,20,8770,6.14,0,1.5,Rain,heavy rain,10d,06:01:00,19:44:00,0.92,1,False
Ciudad de México,MX,México,,19.4326,-99.1332,2240,America/Mexico_City,9200000,2025-12-01 14:20:32,28.31,29.56,23.37,33.17,63,1014,1015,1015,8.11,11.95,2,53,9108,0.0,0,3.6,Clouds,broken clouds,04d,07:00:00,18:24:00,0.51,2,False
Puebla,MX,México,,19.0414,-98.2063,2135,America/Mexico_City,1576000,2025-12-09 15:05:32,24.2,24.0,19.84,28.64,92,1013,1008,1016,2.7,4.04,292,81,8609,2.11,0,3.4,Rain,light rain,10d,07:25:00,19:22:00,0.15,2,True
Cancún,MX,México,,21.1619,-86.8515,10,America/Cancun,888000,2025-11-27 21:50:32,29.19,26.41,26.44,34.08,64,1009,1010,1009,0.67,0.85,342,53,8532,0.0,0,3.5,Clouds,broken clouds,04d,07:21:00,20:29:00,0.85,1,False
Tijuana,MX,México,,32.5149,-117.0382,20,America/Tijuana,1810000,2025-11-11 04:35:32,23.93,23.45,20.01,27.93,48,1020,1016,1020,7.01,9.38,132,18,8618,0.0,0,8.3,Clear,clear sky,01d,05:44:00,18:53:00,0.84,2,False
Ciudad de México,MX,México,,19.4326,-99.1332,2240,America/Mexico_City,9200000,2025-11-26 21:35:32,18.1,16.84,15.28,20.94,83,1009,1006,1012,10.79,14.83,200,65,8280,5.63,0,2.6,Rain,light rain,10d,05:44:00,19:00:00,0.76,2,False
Guadalajara,MX,México,,20.6597,-103.3496,1566,America/Mexico_City,1500000,2025-11-17 23:05:32,22.57,22.02,20.29,25.25,44,1021,1022,1024,6.77,8.16,166,6,8652,0.0,0,6.8,Clear,clear sky,01d,06:41:00,20:59:00,0.43,1,False
Ciudad de México,MX,México,,19.4326,-99.1332,2240,America/Mexico_City,9200000,2026-01-06 08:20:32,23.49,23.39,19.96,27.57,75,1016,1021,1018,11.16,15.93,21,37,8529,9.08,0,1.6,Thunderstorm,thunderstorm with rain,11d,05:59:00,19:32:00,0.12,3,False
Tijuana,MX,México,,32.5149,-117.0382,20,America/Tijuana,1810000,2025-11-17 21:50:32,10.95,12.44,7.61,13.25,58,1025,1020,1025,9.67,12.77,252,51,8186,0.0,0,3.4,Clouds,broken clouds,04d,05:02:00,18:00:00,0.27,1,False
Ciudad de México,MX,México,,19.4326,-99.1332,2240,America/Mexico_City,9200000,2025-11-10 00:35:32,27.32,28.49,24.74,30.64,75,1014,1017,1017,3.93,5.15,276,6,9755,0.0,0,4.4,Clouds,broken clouds,04d,07:01:00,19:54:00,0.17,1,False
Guadalajara,MX,México,,20.6597,-103.3496,1566,America/Mexico_City,1500000,2026-01-08 18:35:32,15.0,16.77,10.7,18.2,69,1023,1028,1022,10.37,14.91,225,80,8347,0.0,0,2.0,Drizzle,light drizzle,09d,05:09:00,19:36:00,0.37,1,False
Monterrey,MX,México,,25.6866,-100.3161,540,America/Monterrey,1135000,2025-12-25 20:20:32,17.43,16.71,12.64,21.69,55,1024,1026,1025,5.92,8.41,123,19,9801,0.0,0,1.2,Clear,clear sky,01d,06:48:00,20:54:00,0.3,3,False
Monterrey,MX,México,,25.6866,-100.3161,540,America/Monterrey,1135000,2025-12-15 08:05:32,16.04,17.88,11.59,19.58,70,1012,1012,1012,11.2,16.55,180,57,9162,0.0,0,2.3,Clouds,scattered clouds,03d,07:00:00,20:36:00,0.55,3,False
Puebla,MX,México,,19.0414,-98.2063,2135,America/Mexico_City,1576000,2025-12-16 11:05:32,19.51,17.81,14.53,22.65,60,1019,1019,1016,1.04,1.43,202,42,9082,0.0,0,9.2,Clouds,scattered clouds,03d,05:28:00,20:51:00,0.99,3,False
Guadalajara,MX,México,,20.6597,-103.3496,1566,America/Mexico_City,1500000,2025-11-29 09:50:32,27.11,28.48,24.26,31.17,75,1013,1008,1010,3.17,3.95,334,9,9013,1.51,0,1.0,Rain,light rain,10d,05:58:00,20:21:00,0.58,1,False
Mérida,MX,México,,20.9674,-89.5926,9,America/Merida,892000,2025-12-14 13:20:32,18.93,18.37,15.67,21.05,67,1020,1015,1021,0.96,1.35,342,95,9334,0.0,0,2.4,Clouds,broken clouds,04d,06:47:00,20:25:00,0.07,3,False
Monterrey,MX,México,,25.6866,-100.3161,540,America/Monterrey,1135000,2025-11-26 10:05:32,21.43,22.06,19.08,23.91,54,1018,1013,1019,1.4,1.75,62,80,9211,0.0,0,3.8,Clouds,broken clouds,04d,06:37:00,20:19:00,0.07,3,False
Cancún,MX,México,,21.1619,-86.8515,10,America/Cancun,888000,2025-11-18 14:35:32,23.43,20.62,20.53,28.22,81,1025,1028,1026,4.48,6.69,234,55,9041,13.92,0,3.8,Rain,moderate rain,10d,06:16:00,18:12:00,0.48,3,False
Monterrey,MX,México,,25.6866,-100.3161,540,America/Monterrey,1135000,2025-12-14 06:35:32,17.08,14.22,12.18,20.43,50,1022,1027,1024,2.95,4.24,152,16,8292,0.0,0,10.7,Clouds,scattered clouds,03d,05:31:00,20:04:00,0.55,1,False
Querétaro,MX,México,,20.5888,-100.3899,1820,America/Mexico_City,1000000,2025-11-24 23:20:32,24.39,22.71,20.01,26.94,53,1013,1011,1011,1.71,2.42,328,5,9728,0.0,0,7.7,Clear,clear sky,01d,06:28:00,18:19:00,0.61,2,False
Mérida,MX,México,,20.9674,-89.5926,9,America/Merida,892000,2025-12-27 07:35:32,15.65,12.72,13.17,18.93,81,1018,1023,1017,7.48,9.9,118,6,8287,8.27,0,2.0,Thunderstorm,thunderstorm with rain,11d,05:04:00,18:43:00,0.63,2,False
Tijuana,MX,México,,32.5149,-117.0382,20,America/Tijuana,1810000,2025-11-26 15:50:32,22.22,23.44,17.81,25.4,63,1009,1007,1006,10.77,14.79,255,37,2211,0.0,0,4.3,Mist,mist,50d,06:36:00,18:47:00,0.3,3,False
Guadalajara,MX,México,,20.6597,-103.3496,1566,America/Mexico_City,1500000,2025-11-20 12:50:32,16.07,16.28,11.28,20.66,67,1009,1006,1006,4.88,7.26,167,49,8506,0.0,0,3.1,Clouds,overcast clouds,04d,06:25:00,18:22:00,1.0,3,False
Mérida,MX,México,,20.9674,-89.5926,9,America/Merida,892000,2025-12-21 11:20:32,19.94,19.43,17.33,24.93,54,1022,1019,1022,5.97,7.65,313,11,2450,0.0,0,4.0,Mist,mist,50d,07:29:00,18:05:00,0.5,1,False
Puebla,MX,México,,19.0414,-98.2063,2135,America/Mexico_City,1576000,2025-11-27 17:35:32,18.4,16.82,13.97,22.38,54,1020,1023,1023,0.66,0.92,18,13,8095,0.0,0,2.1,Clouds,few clouds,02d,06:46:00,19:28:00,0.66,1,False
Ciudad de México,MX,México,,19.4326,-99.1332,2240,America/Mexico_City,9200000,2026-01-08 14:20:32,23.54,25.53,19.88,27.19,95,1018,1013,1021,2.02,2.61,318,24,8951,7.83,0,3.0,Rain,light rain,10d,06:50:00,19:04:00,0.55,3,True
Puebla,MX,México,,19.0414,-98.2063,2135,America/Mexico_City,1576000,2025-12-28 16:20:32,17.78,15.56,13.29,21.35,62,1020,1019,1019,11.34,16.74,26,99,9551,0.0,0,0.1,Clouds,few clouds,02d,05:38:00,20:04:00,0.31,3,False
Querétaro,MX,México,,20.5888,-100.3899,1820,America/Mexico_City,1000000,2025-11-10 23:50:32,17.47,15.86,14.39,21.98,40,1016,1020,1013,5.27,6.45,111,8,9546,0.0,0,6.8,Clear,clear sky,01d,06:21:00,19:59:00,0.48,3,False
Querétaro,MX,México,,20.5888,-100.3899,1820,America/Mexico_City,1000000,2025-11-15 13:50:32,13.58,11.79,8.98,18.19,91,1016,1019,1014,1.9,2.59,272,71,9593,13.52,0,6.5,Thunderstorm,thunderstorm with rain,11d,06:49:00,19:23:00,0.2,1,True
Querétaro,MX,México,,20.5888,-100.3899,1820,America/Mexico_City,1000000,2025-11-20 03:05:32,18.64,19.16,15.9,23.57,83,1022,1023,1025,1.11,1.51,303,71,9614,10.15,0,2.7,Rain,moderate rain,10d,05:49:00,20:55:00,0.19,1,False
Ciudad de México,MX,México,,19.4326,-99.1332,2240,America/Mexico_City,9200000,2025-11-21 00:50:32,15.02,13.56,10.54,19.68,74,1013,1012,1010,8.51,12.44,128,15,9141,3.46,0,9.4,Thunderstorm,thunderstorm with rain,11d,06:32:00,18:43:00,0.64,3,True
Querétaro,MX,México,,20.5888,-100.3899,1820,America/Mexico_City,1000000,2025-11-27 12:20:32,21.0,19.35,17.52,24.39,61,1025,1026,1024,0.68,0.84,148,22,1258,0.0,0,6.8,Mist,mist,50d,05:03:00,20:55:00,0.88,2,False
Ciudad de México,MX,México,,19.4326,-99.1332,2240,America/Mexico_City,9200000,2025-11-24 21:20:32,19.08,20.42,17.04,23.42,72,1010,1015,1011,9.59,12.47,47,93,9891,0.0,0,10.9,Clouds,scattered clouds,03d,07:02:00,19:34:00,0.01,3,False
Guadalajara,MX,México,,20.6597,-103.3496,1566,America/Mexico_City,1500000,2025-11-22 02:35:32,26.44,25.76,21.91,28.78,70,1009,1009,1006,11.51,15.74,27,43,9812,0.0,0,4.3,Clouds,few clouds,02d,06:03:00,19:33:00,0.04,2,False
Querétaro,MX,México,,20.5888,-100.3899,1820,America/Mexico_City,1000000,2025-12-27 20:20:32,19.83,19.5,15.2,22.76,94,1015,1011,1013,7.81,9.89,304,45,9891,5.98,0,10.8,Rain,heavy rain,10d,06:27:00,19:29:00,0.27,1,True
Guadalajara,MX,México,,20.6597,-103.3496,1566,America/Mexico_City,1500000,2025-12-11 21:50:32,16.66,17.17,14.18,19.73,85,1008,1012,1010,0.51,0.72,217,41,9379,2.32,0,0.9,Rain,light rain,10d,05:17:00,18:59:00,0.81,3,True
Guadalajara,MX,México,,20.6597,-103.3496,1566,America/Mexico_City,1500000,2025-12-08 09:20:32,15.96,17.9,12.81,18.49,71,1020,1021,1021,9.4,13.56,260,80,9799,0.0,0,5.6,Clouds,broken clouds,04d,07:37:00,20:12:00,0.29,1,False
Ciudad de México,MX,México,,19.4326,-99.1332,2240,America/Mexico_City,9200000,2026-01-08 05:35:32,16.45,15.77,12.6,19.51,66,1014,1015,1012,6.7,8.95,111,52,8590,0.0,0,10.7,Clouds,overcast clouds,04d,05:53:00,18:52:00,0.17,3,False
Querétaro,MX,México,,20.5888,-100.3899,1820,America/Mexico_City,1000000,2025-12-14 20:35:32,15.14,14.56,12.5,19.34,90,1010,1013,1012,3.37,4.75,64,19,8251,13.76,0,9.9,Rain,light rain,10d,05:12:00,20:41:00,0.44,2,False
Guadalajara,MX,México,,20.6597,-103.3496,1566,America/Mexico_City,1500000,2025-11-17 00:35:32,15.24,14.97,12.72,17.51,50,1020,1019,1017,8.75,10.94,307,25,9906,0.0,0,0.7,Clouds,scattered clouds,03d,07:22:00,20:35:00,0.35,3,False
Ciudad de México,MX,México,,19.4326,-99.1332,2240,America/Mexico_City,9200000,2025-12-05 07:20:32,23.77,24.32,19.88,27.33,57,1016,1016,1014,1.37,1.71,183,100,9879,0.0,0,5.6,Clouds,few clouds,02d,07:52:00,20:33:00,0.54,1,False
Guadalajara,MX,México,,20.6597,-103.3496,1566,America/Mexico_City,1500000,2025-12-19 15:05:32,14.23,15.65,11.05,17.17,67,1016,1018,1019,7.46,9.64,115,60,4137,0.0,0,2.9,Mist,mist,50d,07:52:00,19:41:00,0.07,1,False
Puebla,MX,México,,19.0414,-98.2063,2135,America/Mexico_City,1576000,2025-11-20 21:50:32,20.06,17.92,15.86,23.89,95,1017,1014,1020,11.43,17.13,207,2,8740,13.9,0,8.6,Rain,moderate rain,10d,05:34:00,18:55:00,0.35,1,True
Ciudad de México,MX,México,,19.4326,-99.1332,2240,America/Mexico_City,9200000,2025-11-16 19:20:32,20.95,18.02,16.93,25.1,88,1025,1028,1025,2.57,3.37,61,81,8045,14.17,0,3.1,Thunderstorm,thunderstorm with rain,11d,07:04:00,18:55:00,0.71,3,True
Mérida,MX,México,,20.9674,-89.5926,9,America/Merida,892000,2025-12-02 03:20:32,29.53,26.63,26.39,34.23,37,1019,1014,1016,1.11,1.33,94,5,9435,0.0,0,9.1,Clear,clear sky,01d,06:33:00,18:40:00,0.9,3,False
Guadalajara,MX,México,,20.6597,-103.3496,1566,America/Mexico_City,1500000,2026-01-02 09:20:32,22.68,20.79,18.97,25.38,69,1015,1019,1018,5.58,7.71,305,44,8522,0.0,0,6.5,Clouds,broken clouds,04d,05:59:00,20:31:00,0.5,1,False
Monterrey,MX,México,,25.6866,-100.3161,540,America/Monterrey,1135000,2025-11-25 16:50:32,13.13,14.98,8.63,17.87,50,1014,1019,1012,6.24,8.68,3,62,9050,0.0,0,8.6,Clouds,overcast clouds,04d,07:06:00,19:23:00,0.16,1,False
Querétaro,MX,México,,20.5888,-100.3899,1820,America/Mexico_City,1000000,2026-01-02 05:20:32,29.42,30.7,27.26,32.13,74,1013,1009,1011,6.19,9.24,149,43,8106,0.0,0,2.4,Clouds,overcast clouds,04d,06:01:00,18:13:00,0.1,2,False
Ciudad de México,MX,México,,19.4326,-99.1332,2240,America/Mexico_City,9200000,2025-12-28 02:20:32,15.06,16.29,10.33,18.68,69,1023,1018,1020,2.71,3.48,51,15,2659,0.0,0,2.3,Mist,mist,50d,05:00:00,18:27:00,0.17,3,False
Ciudad de México,MX,México,,19.4326,-99.1332,2240,America/Mexico_City,9200000,2025-12-19 13:35:32,26.62,28.07,22.96,31.31,59,1021,1023,1018,8.55,10.98,100,54,9872,0.0,0,1.8,Clouds,few clouds,02d,06:10:00,19:03:00,0.26,1,False
Cancún,MX,México,,21.1619,-86.8515,10,America/Cancun,888000,2025-12-26 22:05:32,30.84,31.16,28.72,35.5,39,1016,1012,1017,4.54,6.06,195,1,9094,0.0,0,0.1,Clear,clear sky,01d,06:25:00,20:53:00,0.15,2,False
Mérida,MX,México,,20.9674,-89.5926,9,America/Merida,892000,2025-12-25 03:35:32,14.55,13.36,11.97,16.94,60,1010,1005,1013,10.27,14.76,311,95,8052,0.0,0,0.0,Drizzle,light drizzle,09d,05:39:00,18:10:00,0.1,3,False
Querétaro,MX,México,,20.5888,-100.3899,1820,America/Mexico_City,1000000,2025-12-28 20:35:32,28.55,28.11,25.0,33.2,65,1014,1016,1015,9.22,12.88,316,20,1246,0.0,0,1.3,Mist,mist,50d,07:46:00,20:40:00,0.08,3,False
Mérida,MX,México,,20.9674,-89.5926,9,America/Merida,892000,2025-12-27 21:20:32,25.78,27.54,21.97,30.02,66,1017,1012,1015,10.45,15.29,354,62,8903,0.0,0,8.0,Clouds,broken clouds,04d,06:46:00,19:10:00,0.98,1,False
Mérida,MX,México,,20.9674,-89.5926,9,America/Merida,892000,2025-12-09 15:35:32,24.85,26.2,20.77,27.58,58,1016,1013,1018,5.35,6.47,32,54,8849,0.0,0,7.7,Clouds,overcast clouds,04d,07:45:00,20:07:00,0.09,1,False
Querétaro,MX,México,,20.5888,-100.3899,1820,America/Mexico_City,1000000,2025-12-16 07:35:32,21.05,18.99,16.81,24.54,73,1024,1029,1023,1.1,1.54,348,47,8841,0.0,0,0.8,Clouds,few clouds,02d,06:20:00,18:37:00,0.34,2,False
Guadalajara,MX,México,,20.6597,-103.3496,1566,America/Mexico_City,1500000,2025-11-18 03:35:32,20.31,20.79,15.42,24.23,44,1016,1012,1015,3.66,5.02,314,2,8595,0.0,0,4.1,Clear,clear sky,01d,07:45:00,20:34:00,0.4,1,False
Ciudad de México,MX,México,,19.4326,-99.1332,2240,America/Mexico_City,9200000,2025-11-22 08:35:32,11.14,12.55,7.83,14.12,90,1023,1020,1026,5.17,6.91,143,28,9406,6.59,0,8.0,Thunderstorm,thunderstorm with rain,11d,06:47:00,20:33:00,0.97,3,False
Guadalajara,MX,México,,20.6597,-103.3496,1566,America/Mexico_City,1500000,2025-12-14 10:05:32,21.91,22.05,17.69,24.92,55,1013,1010,1011,10.2,13.9,54,71,8981,0.0,0,5.5,Clouds,few clouds,02d,05:22:00,19:00:00,0.52,3,False
Puebla,MX,México,,19.0414,-98.2063,2135,America/Mexico_City,1576000,2025-12-03 03:05:32,17.08,17.25,13.3,21.17,51,1011,1016,1009,7.84,11.23,90,77,8555,0.0,0,8.4,Clouds,overcast clouds,04d,06:24:00,20:24:00,0.47,2,False
Tijuana,MX,México,,32.5149,-117.0382,20,America/Tijuana,1810000,2026-01-02 04:35:32,9.14,7.95,6.77,12.83,77,1010,1005,1011,8.25,10.1,207,45,8263,6.84,0,0.2,Rain,heavy rain,10d,05:31:00,20:30:00,0.28,1,False
Guadalajara,MX,México,,20.6597,-103.3496,1566,America/Mexico_City,1500000,2025-12-01 13:20:32,14.69,14.7,11.93,18.77,56,1020,1024,1018,11.47,16.05,239,47,9267,0.0,0,8.7,Clouds,overcast clouds,04d,07:45:00,18:52:00,0.95,1,False
Mérida,MX,México,,20.9674,-89.5926,9,America/Merida,892000,2026-01-05 21:20:32,12.91,10.17,10.51,17.3,80,1021,1025,1023,5.59,8.03,10,51,8889,8.54,0,10.5,Rain,heavy rain,10d,05:14:00,18:34:00,0.72,3,False
Monterrey,MX,México,,25.6866,-100.3161,540,America/Monterrey,1135000,2025-11-27 16:05:32,14.5,15.94,11.06,19.41,57,1011,1016,1008,8.97,11.83,40,2,9120,0.0,0,7.2,Clouds,scattered clouds,03d,05:53:00,19:09:00,0.19,3,False
Monterrey,MX,México,,25.6866,-100.3161,540,America/Monterrey,1135000,2025-11-24 08:05:32,20.86,18.94,17.37,24.74,54,1008,1003,1007,11.71,15.48,7,79,8012,0.0,0,3.4,Clouds,broken clouds,04d,05:19:00,20:38:00,0.39,2,False
Monterrey,MX,México,,25.6866,-100.3161,540,America/Monterrey,1135000,2025-12-30 20:05:32,12.13,12.54,9.85,16.49,63,1024,1029,1027,3.97,4.94,202,82,8313,0.0,0,7.9,Clouds,scattered clouds,03d,06:34:00,20:33:00,0.99,2,False
Ciudad de México,MX,México,,19.4326,-99.1332,2240,America/Mexico_City,9200000,2025-11-24 00:50:32,15.35,16.84,12.39,18.04,80,1016,1016,1019,8.08,11.59,12,36,9935,8.05,0,3.3,Rain,heavy rain,10d,07:13:00,19:12:00,0.79,1,False
Monterrey,MX,México,,25.6866,-100.3161,540,America/Monterrey,1135000,2025-12-23 11:50:32,19.69,18.0,16.57,23.68,76,1008,1013,1010,9.43,12.75,180,5,9033,2.4,0,8.3,Thunderstorm,thunderstorm with rain,11d,07:29:00,20:02:00,0.83,1,False
Monterrey,MX,México,,25.6866,-100.3161,540,America/Monterrey,1135000,2025-11-19 10:50:32,26.9,28.05,24.24,29.75,52,1022,1020,1024,11.97,16.82,142,20,8268,0.0,0,4.4,Clear,clear sky,01d,05:09:00,20:23:00,0.02,1,False
Monterrey,MX,México,,25.6866,-100.3161,540,America/Monterrey,1135000,2026-01-06 21:20:32,26.64,25.49,24.05,29.47,58,1009,1009,1009,8.83,11.76,356,100,9267,0.0,0,4.0,Clouds,few clouds,02d,06:59:00,18:55:00,0.16,2,False
Guadalajara,MX,México,,20.6597,-103.3496,1566,America/Mexico_City,1500000,2025-12-27 19:05:32,27.82,25.63,24.4,30.13,54,1024,1027,1022,10.2,13.83,318,39,8351,0.0,0,2.9,Clouds,broken clouds,04d,05:49:00,18:29:00,0.26,2,False
Querétaro,MX,México,,20.5888,-100.3899,1820,America/Mexico_City,1000000,2025-11-23 19:05:32,17.16,17.36,14.97,21.71,83,1016,1012,1015,6.63,9.53,148,54,8370,5.73,0,9.9,Rain,light rain,10d,06:49:00,20:37:00,0.55,1,False
Guadalajara,MX,México,,20.6597,-103.3496,1566,America/Mexico_City,1500000,2025-12-22 18:05:32,18.16,19.14,14.94,21.32,58,1017,1019,1015,2.36,3.27,186,27,9252,0.0,0,6.1,Clouds,scattered clouds,03d,06:32:00,19:56:00,0.94,1,False
Querétaro,MX,México,,20.5888,-100.3899,1820,America/Mexico_City,1000000,2025-11-14 16:35:32,15.48,16.86,13.41,19.85,67,1008,1012,1008,2.76,3.69,63,17,8394,0.0,0,8.6,Clouds,overcast clouds,04d,05:18:00,19:59:00,0.82,3,False
Monterrey,MX,México,,25.6866,-100.3161,540,America/Monterrey,1135000,2025-12-02 19:05:32,24.75,23.87,19.92,27.39,56,1025,1030,1027,6.17,7.61,171,41,8003,0.0,0,3.5,Clouds,broken clouds,04d,07:44:00,19:37:00,0.23,3,False
Puebla,MX,México,,19.0414,-98.2063,2135,America/Mexico_City,1576000,2025-12-09 13:05:32,19.63,21.62,15.83,22.77,69,1020,1015,1020,4.47,5.69,73,78,8527,0.0,0,9.0,Drizzle,light drizzle,09d,05:53:00,20:17:00,0.5,2,False
Puebla,MX,México,,19.0414,-98.2063,2135,America/Mexico_City,1576000,2025-12-20 13:20:32,14.82,13.33,11.77,17.79,72,1013,1015,1014,4.28,6.25,169,35,9334,4.57,0,3.4,Thunderstorm,thunderstorm with rain,11d,05:22:00,19:49:00,0.95,2,False
Cancún,MX,México,,21.1619,-86.8515,10,America/Cancun,888000,2025-11-20 03:35:32,23.52,24.36,21.05,27.14,95,1012,1014,1009,9.44,12.03,101,19,9790,6.69,0,3.7,Rain,moderate rain,10d,07:21:00,18:27:00,0.51,2,False
Mérida,MX,México,,20.9674,-89.5926,9,America/Merida,892000,2025-11-29 19:50:32,16.88,17.95,13.76,20.83,56,1018,1019,1018,11.81,17.4,108,87,9721,0.0,0,5.9,Drizzle,light drizzle,09d,06:11:00,18:17:00,0.83,1,False
Guadalajara,MX,México,,20.6597,-103.3496,1566,America/Mexico_City,1500000,2025-12-19 03:05:32,24.05,24.59,21.57,28.69,70,1021,1016,1024,9.0,12.64,74,22,9378,6.72,0,4.5,Rain,light rain,10d,07:26:00,19:47:00,0.35,1,False
Guadalajara,MX,México,,20.6597,-103.3496,1566,America/Mexico_City,1500000,2025-12-11 12:05:32,18.79,16.38,14.91,22.43,62,1010,1006,1012,1.46,1.94,19,60,8581,0.0,0,0.5,Drizzle,light drizzle,09d,06:33:00,18:15:00,0.61,1,False
Puebla,MX,México,,19.0414,-98.2063,2135,America/Mexico_City,1576000,2025-12-22 01:50:32,29.92,31.64,26.63,32.4,50,1016,1013,1014,6.42,8.0,87,15,3602,0.0,0,2.6,Mist,mist,50d,06:33:00,19:09:00,0.79,2,False
Ciudad de México,MX,México,,19.4326,-99.1332,2240,America/Mexico_City,9200000,2025-11-28 14:05:32,24.63,26.3,19.75,28.14,85,1011,1012,1011,11.36,14.38,60,15,8834,1.77,0,1.3,Rain,heavy rain,10d,07:33:00,20:58:00,0.48,2,False
Puebla,MX,México,,19.0414,-98.2063,2135,America/Mexico_City,1576000,2025-12-24 19:20:32,16.42,16.99,12.13,18.93,73,1021,1019,1019,4.73,6.47,290,22,8936,15.0,0,8.4,Rain,light rain,10d,05:44:00,19:23:00,0.65,1,True
Tijuana,MX,México,,32.5149,-117.0382,20,America/Tijuana,1810000,2025-11-16 20:50:32,17.41,19.0,13.81,19.58,75,1022,1021,1020,7.61,10.98,193,15,9070,0.0,0,4.3,Drizzle,light drizzle,09d,05:34:00,19:55:00,0.27,1,False
Guadalajara,MX,México,,20.6597,-103.3496,1566,America/Mexico_City,1500000,2025-12-30 09:20:32,24.61,21.9,21.44,27.39,84,1012,1011,1009,3.86,5.65,94,60,8594,6.25,0,4.1,Rain,heavy rain,10d,05:51:00,20:29:00,0.94,1,True
Mérida,MX,México,,20.9674,-89.5926,9,America/Merida,892000,2025-11-21 22:35:32,15.34,15.71,12.79,17.34,73,1021,1022,1022,7.16,8.86,295,17,9556,0.0,0,3.2,Clouds,overcast clouds,04d,06:17:00,18:35:00,0.82,2,False
Cancún,MX,México,,21.1619,-86.8515,10,America/Cancun,888000,2025-12-31 13:35:32,28.24,26.96,24.27,31.52,52,1018,1013,1018,11.47,15.98,339,68,8406,0.0,0,6.3,Drizzle,light drizzle,09d,05:47:00,20:54:00,0.83,2,False
Puebla,MX,México,,19.0414,-98.2063,2135,America/Mexico_City,1576000,2025-12-19 18:20:32,23.03,22.6,20.82,27.14,90,1014,1014,1013,7.96,9.89,93,64,8572,9.0,0,1.1,Rain,moderate rain,10d,06:09:00,20:50:00,0.54,3,True
Cancún,MX,México,,21.1619,-86.8515,10,America/Cancun,888000,2025-12-07 04:50:32,29.36,30.33,25.35,32.43,36,1013,1009,1016,10.06,13.16,196,1,9264,0.0,0,6.3,Clear,clear sky,01d,07:37:00,18:21:00,0.3,2,False
Monterrey,MX,México,,25.6866,-100.3161,540,America/Monterrey,1135000,2026-01-04 00:35:32,19.09,18.21,15.21,22.37,71,1014,1013,1012,8.85,10.98,290,10,9934,1.35,0,1.8,Rain,light rain,10d,07:57:00,18:00:00,0.98,1,True
Mérida,MX,México,,20.9674,-89.5926,9,America/Merida,892000,2025-11-29 22:50:32,13.09,13.11,10.92,17.66,90,1018,1021,1019,4.26,5.44,183,67,9227,13.74,0,9.2,Rain,moderate rain,10d,06:51:00,20:59:00,0.01,1,True
Mérida,MX,México,,20.9674,-89.5926,9,America/Merida,892000,2025-12-05 10:50:32,29.26,26.44,26.72,32.46,56,1017,1014,1020,4.24,5.47,248,84,9413,0.0,0,9.5,Clouds,few clouds,02d,07:53:00,19:46:00,0.65,3,False
Tijuana,MX,México,,32.5149,-117.0382,20,America/Tijuana,1810000,2025-12-05 11:35:32,17.02,16.9,14.38,20.84,78,1013,1014,1014,3.82,4.96,120,40,8503,14.89,0,5.8,Rain,light rain,10d,07:10:00,18:48:00,0.73,3,True
Monterrey,MX,México,,25.6866,-100.3161,540,America/Monterrey,1135000,2025-11-24 09:35:32,15.18,14.64,11.37,19.91,67,1016,1021,1013,0.5,0.73,209,5,8466,0.0,0,7.9,Clouds,few clouds,02d,06:50:00,19:54:00,0.99,3,False
Cancún,MX,México,,21.1619,-86.8515,10,America/Cancun,888000,2025-12-10 03:05:32,11.16,8.97,8.16,15.96,86,1012,1009,1014,10.11,12.42,177,97,8380,8.31,0,2.0,Rain,light rain,10d,06:30:00,19:01:00,0.3,3,True
Guadalajara,MX,México,,20.6597,-103.3496,1566,America/Mexico_City,1500000,2025-11-29 17:35:32,23.68,22.23,19.28,27.4,68,1022,1022,1025,8.39,11.41,259,92,8693,0.0,0,2.7,Drizzle,light drizzle,09d,06:15:00,19:26:00,0.15,1,False
Puebla,MX,México,,19.0414,-98.2063,2135,America/Mexico_City,1576000,2025-12-10 11:20:32,17.97,19.86,15.97,20.4,50,1023,1025,1024,9.48,12.82,204,36,8398,0.0,0,3.5,Clouds,overcast clouds,04d,06:50:00,19:46:00,0.88,1,False
Guadalajara,MX,México,,20.6597,-103.3496,1566,America/Mexico_City,1500000,2026-01-04 16:50:32,26.73,27.43,24.29,30.09,64,1023,1027,1022,9.18,12.63,116,22,9377,0.0,0,4.7,Clouds,overcast clouds,04d,05:35:00,18:25:00,0.4,1,False
Cancún,MX,México,,21.1619,-86.8515,10,America/Cancun,888000,2025-12-10 21:50:32,29.87,28.77,25.15,32.56,66,1018,1022,1021,8.89,11.99,108,73,8734,0.0,0,7.7,Drizzle,light drizzle,09d,06:05:00,20:14:00,0.35,1,False
Monterrey,MX,México,,25.6866,-100.3161,540,America/Monterrey,1135000,2025-12-17 21:50:32,16.99,16.59,14.9,20.12,79,1016,1018,1018,10.81,14.3,214,26,8160,14.36,0,5.2,Rain,moderate rain,10d,07:40:00,18:33:00,0.43,1,False
Monterrey,MX,México,,25.6866,-100.3161,540,America/Monterrey,1135000,2025-12-06 00:50:32,26.06,24.08,22.6,29.1,33,1025,1025,1023,7.08,9.66,183,3,8643,0.0,0,2.5,Clear,clear sky,01d,05:47:00,20:08:00,0.35,1,False
Querétaro,MX,México,,20.5888,-100.3899,1820,America/Mexico_City,1000000,2025-11-29 08:20:32,29.42,31.35,26.64,33.35,72,1020,1020,1018,11.86,16.02,160,84,9313,0.0,0,10.1,Clouds,overcast clouds,04d,05:20:00,18:38:00,0.48,3,False
Querétaro,MX,México,,20.5888,-100.3899,1820,America/Mexico_City,1000000,2026-01-06 13:20:32,20.09,17.91,17.0,25.0,37,1022,1019,1022,2.96,4.05,350,7,8944,0.0,0,8.0,Clear,clear sky,01d,06:56:00,20:05:00,0.85,2,False
Ciudad de México,MX,México,,19.4326,-99.1332,2240,America/Mexico_City,9200000,2025-11-27 23:50:32,25.85,24.85,21.5,28.68,60,1024,1022,1024,7.93,9.57,106,42,9537,0.0,0,10.1,Clouds,overcast clouds,04d,07:03:00,20:59:00,0.53,2,False
Guadalajara,MX,México,,20.6597,-103.3496,1566,America/Mexico_City,1500000,2025-11-15 02:50:32,21.62,21.88,18.72,24.61,69,1013,1015,1014,7.76,9.72,259,100,9730,0.0,0,9.0,Drizzle,light drizzle,09d,06:47:00,20:43:00,0.06,1,False
Cancún,MX,México,,21.1619,-86.8515,10,America/Cancun,888000,2025-11-21 09:05:32,25.49,24.95,23.13,29.31,75,1012,1010,1010,2.89,3.81,45,83,2632,0.0,0,6.8,Mist,mist,50d,07:00:00,19:30:00,0.26,1,False
Ciudad de México,MX,México,,19.4326,-99.1332,2240,America/Mexico_City,9200000,2025-12-18 19:20:32,28.86,28.05,24.43,32.05,56,1021,1016,1022,7.0,8.6,141,58,9612,0.0,0,0.2,Clouds,few clouds,02d,06:34:00,19:03:00,0.7,3,False
Querétaro,MX,México,,20.5888,-100.3899,1820,America/Mexico_City,1000000,2026-01-03 20:35:32,19.01,20.57,15.06,21.62,55,1010,1013,1007,9.2,13.8,263,36,8226,0.0,0,4.3,Clouds,broken clouds,04d,06:13:00,18:05:00,0.89,2,False
Ciudad de México,MX,México,,19.4326,-99.1332,2240,America/Mexico_City,9200000,2025-12-20 13:05:32,27.33,24.47,24.7,29.64,77,1022,1023,1024,11.31,15.33,265,93,9066,12.14,0,0.6,Rain,heavy rain,10d,07:28:00,19:56:00,0.03,3,True
Mérida,MX,México,,20.9674,-89.5926,9,America/Merida,892000,2025-12-04 20:50:32,21.13,18.73,16.3,25.13,62,1022,1018,1021,1.6,2.29,148,36,8060,0.0,0,10.9,Clouds,overcast clouds,04d,05:49:00,20:57:00,0.6,3,False
Ciudad de México,MX,México,,19.4326,-99.1332,2240,America/Mexico_City,9200000,2025-12-03 00:05:32,12.96,11.41,10.1,15.54,88,1018,1018,1019,3.61,4.76,282,85,8910,14.47,0,8.9,Rain,heavy rain,10d,07:15:00,20:18:00,0.25,1,True
Guadalajara,MX,México,,20.6597,-103.3496,1566,America/Mexico_City,1500000,2025-12-13 00:35:32,23.8,21.73,20.51,27.91,78,1025,1027,1022,9.8,13.02,138,22,8078,11.71,0,2.7,Rain,moderate rain,10d,07:38:00,19:49:00,0.11,3,True
Puebla,MX,México,,19.0414,-98.2063,2135,America/Mexico_City,1576000,2025-12-29 10:20:32,30.0,31.61,25.88,32.7,63,1021,1024,1019,9.21,11.8,108,90,9119,0.0,0,9.9,Drizzle,light drizzle,09d,07:33:00,19:45:00,0.66,1,False
Puebla,MX,México,,19.0414,-98.2063,2135,America/Mexico_City,1576000,2025-11-27 21:35:32,23.33,24.95,21.31,26.31,91,1015,1010,1017,1.21,1.81,121,70,9622,5.89,0,4.8,Thunderstorm,thunderstorm with rain,11d,06:34:00,18:19:00,0.32,1,False
Guadalajara,MX,México,,20.6597,-103.3496,1566,America/Mexico_City,1500000,2025-11-21 10:05:32,26.15,24.08,22.05,28.66,58,1017,1016,1015,5.58,7.36,158,60,9958,0.0,0,8.4,Clouds,overcast clouds,04d,07:14:00,20:58:00,0.93,1,False
Cancún,MX,México,,21.1619,-86.8515,10,America/Cancun,888000,2026-01-07 23:20:32,22.14,20.64,17.52,26.23,54,1017,1014,1017,2.04,2.66,174,65,8704,0.0,0,3.0,Clouds,broken clouds,04d,07:05:00,19:18:00,0.04,2,False
Cancún,MX,México,,21.1619,-86.8515,10,America/Cancun,888000,2025-12-12 12:35:32,21.61,18.74,16.82,26.61,73,1014,1019,1011,1.69,2.37,205,81,8496,11.63,0,6.7,Rain,heavy rain,10d,06:23:00,19:46:00,0.14,3,False
Ciudad de México,MX,México,,19.4326,-99.1332,2240,America/Mexico_City,9200000,2026-01-08 14:05:32,24.13,25.35,21.28,28.25,61,1021,1023,1023,4.14,5.81,340,7,9756,0.0,0,3.3,Clouds,overcast clouds,04d,06:46:00,20:22:00,0.27,1,False
Puebla,MX,México,,19.0414,-98.2063,2135,America/Mexico_City,1576000,2025-11-17 21:35:32,20.53,18.79,16.21,23.29,87,1011,1009,1014,3.75,4.69,203,3,9290,5.27,0,1.8,Rain,light rain,10d,05:15:00,18:28:00,0.76,2,False
Monterrey,MX,México,,25.6866,-100.3161,540,America/Monterrey,1135000,2025-11-16 20:35:32,14.21,14.08,11.51,16.85,56,1009,1004,1007,5.2,7.59,201,88,8899,0.0,0,3.6,Clouds,overcast clouds,04d,05:58:00,20:17:00,0.85,3,False
Querétaro,MX,México,,20.5888,-100.3899,1820,America/Mexico_City,1000000,2025-11-21 22:35:32,17.8,18.14,14.9,21.69,81,1023,1020,1025,2.45,3.22,358,76,9100,2.87,0,3.9,Rain,heavy rain,10d,07:05:00,19:13:00,0.07,3,False
Ciudad de México,MX,México,,19.4326,-99.1332,2240,America/Mexico_City,9200000,2025-12-28 13:05:32,16.76,15.39,14.05,19.07,64,1016,1019,1016,11.77,14.39,26,62,9615,0.0,0,1.0,Clouds,overcast clouds,04d,06:10:00,18:35:00,0.72,3,False
Puebla,MX,México,,19.0414,-98.2063,2135,America/Mexico_City,1576000,2026-01-07 11:35:32,23.51,21.05,19.02,27.46,75,1008,1011,1010,4.36,5.47,178,32,9747,0.0,0,6.2,Clouds,scattered clouds,03d,07:03:00,18:45:00,0.59,3,False
Mérida,MX,México,,20.9674,-89.5926,9,America/Merida,892000,2025-12-21 05:05:32,17.13,18.35,13.1,21.64,63,1019,1020,1016,3.6,4.38,309,81,8112,0.0,0,2.5,Clouds,overcast clouds,04d,05:46:00,19:05:00,0.17,3,False
Cancún,MX,México,,21.1619,-86.8515,10,America/Cancun,888000,2025-12-17 15:50:32,21.09,18.81,18.37,24.28,51,1012,1015,1015,2.13,2.56,8,53,8465,0.0,0,1.8,Clouds,scattered clouds,03d,06:35:00,18:10:00,0.63,2,False
Mérida,MX,México,,20.9674,-89.5926,9,America/Merida,892000,2026-01-08 18:50:32,24.09,25.42,21.03,26.51,83,1022,1024,1024,11.77,16.56,180,70,9025,12.43,0,0.1,Rain,light rain,10d,06:16:00,19:20:00,0.12,1,True
Querétaro,MX,México,,20.5888,-100.3899,1820,America/Mexico_City,1000000,2025-12-01 02:05:32,19.24,20.64,15.87,23.88,32,1009,1005,1006,5.99,8.3,169,5,8365,0.0,0,3.0,Clear,clear sky,01d,05:48:00,20:24:00,0.91,3,False
Mérida,MX,México,,20.9674,-89.5926,9,America/Merida,892000,2025-11-24 05:05:32,24.2,22.63,20.83,27.32,74,1019,1024,1017,1.29,1.63,34,8,8568,0.0,0,2.6,Clouds,overcast clouds,04d,07:44:00,20:25:00,0.88,3,False
Cancún,MX,México,,21.1619,-86.8515,10,America/Cancun,888000,2026-01-03 17:20:32,14.85,15.65,12.16,19.61,59,1008,1005,1006,9.02,12.36,342,69,9980,0.0,0,5.1,Clouds,overcast clouds,04d,07:02:00,20:37:00,0.07,3,False
Guadalajara,MX,México,,20.6597,-103.3496,1566,America/Mexico_City,1500000,2025-11-09 23:05:32,22.97,22.46,18.18,25.55,56,1011,1015,1011,8.95,12.68,288,34,8339,0.0,0,4.2,Clouds,few clouds,02d,06:07:00,19:03:00,0.09,3,False
Puebla,MX,México,,19.0414,-98.2063,2135,America/Mexico_City,1576000,2025-11-29 05:50:32,15.87,17.29,11.85,17.89,57,1014,1019,1011,9.4,13.65,73,96,8829,0.0,0,7.1,Clouds,few clouds,02d,07:45:00,19:23:00,0.38,2,False
Puebla,MX,México,,19.0414,-98.2063,2135,America/Mexico_City,1576000,2025-12-04 22:05:32,17.85,16.87,13.11,21.2,85,1015,1019,1013,1.28,1.67,45,96,8704,12.1,0,5.0,Rain,moderate rain,10d,07:43:00,19:38:00,0.46,1,True
Tijuana,MX,México,,32.5149,-117.0382,20,America/Tijuana,1810000,2025-11-29 21:20:32,18.3,18.71,15.84,20.64,50,1019,1023,1019,2.51,3.35,60,83,9767,0.0,0,10.2,Clouds,few clouds,02d,07:17:00,19:40:00,0.78,3,False
Puebla,MX,México,,19.0414,-98.2063,2135,America/Mexico_City,1576000,2026-01-01 07:35:32,23.77,22.75,18.81,28.56,50,1023,1028,1022,4.2,5.45,148,87,9452,0.0,0,3.7,Clouds,few clouds,02d,07:59:00,18:12:00,0.73,3,False
Cancún,MX,México,,21.1619,-86.8515,10,America/Cancun,888000,2025-11-13 16:35:32,29.2,28.77,26.38,33.5,56,1019,1015,1016,3.88,4.79,208,75,8146,0.0,0,4.3,Clouds,scattered clouds,03d,05:19:00,18:37:00,0.43,1,False
Guadalajara,MX,México,,20.6597,-103.3496,1566,America/Mexico_City,1500000,2025-12-11 23:50:32,14.71,15.5,10.43,19.05,63,1022,1017,1025,9.88,13.54,67,47,8365,0.0,0,1.1,Clouds,scattered clouds,03d,05:32:00,19:36:00,0.27,1,False
Monterrey,MX,México,,25.6866,-100.3161,540,America/Monterrey,1135000,2026-01-03 13:35:32,20.55,18.84,18.09,23.07,72,1013,1010,1015,11.48,14.72,332,87,9237,0.0,0,9.5,Clouds,scattered clouds,03d,07:37:00,20:10:00,0.39,1,False
Querétaro,MX,México,,20.5888,-100.3899,1820,America/Mexico_City,1000000,2026-01-01 11:20:32,24.53,24.5,21.92,28.44,93,1008,1012,1010,8.47,10.63,49,34,8772,10.5,0,4.1,Thunderstorm,thunderstorm with rain,11d,05:39:00,20:05:00,0.17,1,True
Querétaro,MX,México,,20.5888,-100.3899,1820,America/Mexico_City,1000000,2025-12-09 22:20:32,25.36,24.96,21.02,29.05,75,1009,1011,1006,1.71,2.06,99,1,8304,0.0,0,9.3,Clouds,broken clouds,04d,06:17:00,20:26:00,0.04,1,False
Querétaro,MX,México,,20.5888,-100.3899,1820,America/Mexico_City,1000000,2025-12-20 16:05:32,29.62,27.04,26.65,32.12,48,1010,1008,1011,11.43,15.25,44,5,9764,0.0,0,2.5,Clear,clear sky,01d,07:21:00,18:43:00,0.65,2,False
Mérida,MX,México,,20.9674,-89.5926,9,America/Merida,892000,2025-11-19 04:50:32,19.8,20.18,17.22,24.79,84,1023,1026,1021,8.66,10.8,245,36,9647,12.14,0,3.1,Thunderstorm,thunderstorm with rain,11d,05:39:00,20:40:00,0.48,2,False
Cancún,MX,México,,21.1619,-86.8515,10,America/Cancun,888000,2025-12-30 07:05:32,17.01,19.0,12.75,19.49,57,1019,1016,1017,5.95,7.79,202,96,9355,0.0,0,2.1,Clouds,broken clouds,04d,05:14:00,20:24:00,0.63,3,False
Guadalajara,MX,México,,20.6597,-103.3496,1566,America/Mexico_City,1500000,2025-11-14 15:05:32,10.24,8.94,6.83,14.19,73,1013,1018,1015,8.26,11.92,46,72,8602,11.62,0,3.7,Rain,light rain,10d,06:38:00,19:42:00,0.32,3,True
Monterrey,MX,México,,25.6866,-100.3161,540,America/Monterrey,1135000,2026-01-01 02:20:32,14.86,15.9,12.54,17.95,63,1012,1014,1011,3.58,4.46,286,14,8446,0.0,0,0.9,Clouds,scattered clouds,03d,07:47:00,18:15:00,0.63,3,False
Monterrey,MX,México,,25.6866,-100.3161,540,America/Monterrey,1135000,2025-12-27 02:05:32,22.3,23.35,19.52,24.77,82,1013,1016,1015,2.16,2.98,244,28,8684,7.58,0,2.0,Rain,light rain,10d,07:00:00,20:53:00,0.48,1,False
Guadalajara,MX,México,,20.6597,-103.3496,1566,America/Mexico_City,1500000,2025-12-14 18:20:32,13.73,11.93,9.67,18.2,74,1017,1013,1017,11.31,16.96,50,33,9552,1.12,0,6.4,Rain,heavy rain,10d,07:38:00,18:51:00,0.94,2,False
Monterrey,MX,México,,25.6866,-100.3161,540,America/Monterrey,1135000,2025-12-16 14:50:32,25.36,25.77,20.69,29.24,60,1019,1015,1022,4.86,6.59,305,83,9652,0.0,0,10.8,Clouds,overcast clouds,04d,06:37:00,18:57:00,0.35,2,False
Guadalajara,MX,México,,20.6597,-103.3496,1566,America/Mexico_City,1500000,2025-11-17 03:35:32,10.22,8.37,7.13,14.73,72,1016,1016,1016,4.2,6.24,18,73,8417,8.54,0,8.5,Rain,moderate rain,10d,05:32:00,20:32:00,0.35,1,True
Puebla,MX,México,,19.0414,-98.2063,2135,America/Mexico_City,1576000,2025-11-22 21:50:32,23.95,25.05,19.35,26.67,62,1016,1021,1018,5.16,7.24,117,77,9753,0.0,0,0.7,Drizzle,light drizzle,09d,05:53:00,18:32:00,0.26,3,False
Cancún,MX,México,,21.1619,-86.8515,10,America/Cancun,888000,2025-12-10 09:20:32,13.33,12.64,9.98,16.33,90,1024,1023,1027,6.87,9.69,227,30,8017,11.19,0,6.1,Rain,light rain,10d,07:51:00,18:29:00,0.46,2,False
Monterrey,MX,México,,25.6866,-100.3161,540,America/Monterrey,1135000,2025-11-14 20:35:32,16.83,18.81,11.91,19.06,84,1011,1013,1010,0.67,0.93,116,96,9854,12.3,0,2.5,Rain,moderate rain,10d,07:42:00,20:14:00,0.1,3,False
Puebla,MX,México,,19.0414,-98.2063,2135,America/Mexico_City,1576000,2025-12-04 05:20:32,20.23,21.03,16.51,24.49,77,1014,1015,1016,4.6,5.76,227,12,8934,10.36,0,9.7,Rain,heavy rain,10d,05:32:00,20:01:00,0.64,1,True
Tijuana,MX,México,,32.5149,-117.0382,20,America/Tijuana,1810000,2025-12-14 03:35:32,23.54,22.36,19.54,27.4,51,1017,1012,1020,8.0,10.78,340,34,9938,0.0,0,7.1,Drizzle,light drizzle,09d,05:01:00,19:51:00,0.1,1,False
Mérida,MX,México,,20.9674,-89.5926,9,America/Merida,892000,2025-12-17 15:05:32,28.12,29.19,25.75,31.26,51,1015,1014,1012,2.32,3.42,99,56,8712,0.0,0,2.1,Clouds,scattered clouds,03d,06:46:00,18:28:00,0.6,3,False
Puebla,MX,México,,19.0414,-98.2063,2135,America/Mexico_City,1576000,2025-11-15 18:50:32,14.43,12.12,10.18,18.12,95,1023,1027,1021,11.58,16.01,145,60,8005,13.46,0,2.9,Thunderstorm,thunderstorm with rain,11d,07:40:00,19:42:00,0.31,3,True
